
{
    "id" : "bluedataPlugin",
    "version" : "0.0.1",

    "meta" : {
        // Name of this plugin that appears in the interface.
        "label" : "BlueData Plugin",

        "description" : "A longer string explaining what the plugin does",
        "author" : "bluedata",

        // The icon of a plugin must be one of the FontAwesome 3.1 icons
        "icon" : "icon-puzzle-piece",

        "licenseInfo" : "Apache Software License",

        // URL where the user can learn more about the plugin
        "url" : "https://www.dataiku.com",

        // List of tags for filtering the list of plugins
        "tags" : ["bluedata", "dev", "cluster"]
    }
}
